features,p_values,p_values_corrected,reject
0,2.229330024529991e-08,3.9341118079941017e-08,True
1,2.2389514235885587e-10,8.396067838457095e-10,True
2,2.095211547700983e-05,2.9931593538585473e-05,True
3,8.568087791874324e-10,2.3367512159657246e-09,True
4,2.023085615936934e-12,6.069256847810802e-11,True
5,2.539521730173485e-11,2.539521730173485e-10,True
6,5.000097327059084e-09,9.375182488235783e-09,True
7,1.0663078067709906e-09,2.6657695169274764e-09,True
8,2.456978226183887e-08,4.0949637103064785e-08,True
9,4.7136226284717703e-11,2.8281735770830623e-10,True
10,1.2758223572940447e-10,5.467810102688763e-10,True
11,1.2636962222062103e-07,1.8955443333093155e-07,True
12,6.480892609626873e-11,3.2404463048134363e-10,True
13,8.763717076866255e-08,1.3837448016104612e-07,True
14,2.2901025945249417e-11,2.539521730173485e-10,True
15,2.591347589831568e-10,8.637825299438561e-10,True
16,4.4108033417033346e-09,8.821606683406669e-09,True
17,1.86270096948749e-09,4.298540698817284e-09,True
18,3.2689442833602886e-09,7.0048806072006185e-09,True
19,2.896122403848831e-10,8.688367211546494e-10,True
20,4.42818104690519e-11,2.8281735770830623e-10,True
21,0.003169181942078403,0.003961477427598004,True
22,0.001138893913201651,0.0015530371543658879,True
23,0.003452508096908962,0.004143009716290755,True
24,0.026650750279845682,0.02855437529983466,True
25,0.013434120717042468,0.015500908519664385,True
26,0.03997625165808982,0.04135474309457568,True
27,0.0027988532414916873,0.0036506781410761135,True
28,0.022148142279201,0.024609046976890002,True
29,0.06857160499281281,0.06857160499281281,False
